
INSERT INTO `brand` (`id`, `name`) VALUES
(1, 'ASOS'),
(2, 'Nike'),
(3, 'Vans'),
(10, 'Adidas'),
(11, 'Puma');

INSERT INTO `category` (`id`, `name`) VALUES
(1, 'Giày bệt'),
(2, 'Sneaker'),
(5, 'Giày chạy bộ');

INSERT INTO `product` (`id`, `color`, `hot`, `image`, `name`, `price`, `quantity`, `brand_id`, `category_id`) VALUES
(1, 'Nâu', b'0', 'https://i.pinimg.com/474x/da/0f/22/da0f229e7b10f601877e5b98bcb6816f.jpg', 'Giày oxford Wide Fit da', 1238790, 1000, 1, 1),
(2, 'Đen', b'0', 'https://forshoes.vn/wp-content/uploads/2023/10/HLF17-6-scaled-1.jpg', 'Giày lười hở lưng da đen ASOS DESIGN', 1359176, 1000, 1, 1),
(3, 'Đen', b'0', 'https://m.media-amazon.com/images/I/610xqBJHi-L._AC_UY1000_.jpg', 'Sneaker Nike Figertrap đen', 1821750, 1000, 2, 2),
(4, 'Đen', b'0', 'https://static.privatesportshop.com/img/p/3297475-10055873-thickbox.jpg', 'Sneaker Vans Varix đen', 2429000, 1000, 3, 2),
(5, 'Đen', b'1', 'https://drake.vn/image/catalog/H%C3%ACnh%20content/sk8-hi/sk8-hi-4.jpg', 'Sneaker Vans Anaheim Sk8-hi ', 2186100, 1000, 3, 2),
(16, 'Đen', b'1', 'https://m.media-amazon.com/images/I/71KF0mmP10L._AC_SX500_.jpg', 'Sneaker Nike nam', 1296741, 1000, 2, 2),
(17, 'Trắng', b'1', 'https://m.media-amazon.com/images/I/81hWxcbgxaL._AC_SX500_.jpg', 'Giày chạy bộ Nike Downshifter 11  nữ', 1601602, 1000, 2, 5),
(18, 'Đen', b'0', 'https://m.media-amazon.com/images/I/71IWtLQ6unL._AC_SY500_.jpg', 'Giày chạy bộ Tanjun NIKE nữ', 1274648, 1000, 2, 5),
(19, 'Đen', b'0', 'https://m.media-amazon.com/images/I/61OGOmBXeNL._AC_SY500_.jpg', 'Giày chạy bộ Nike Nam Thấp', 1494372, 1000, 2, 5),
(20, 'Hồng', b'1', 'https://m.media-amazon.com/images/I/61Ivtyqn7PL._AC_SX500_.jpg', 'Giày Chạy Bộ Thể Thao NIKE Nam ', 1184572, 1000, 2, 5),
(21, 'Trắng', b'1', 'https://m.media-amazon.com/images/I/61l+IRL8L6L._AC_SY500_.jpg', 'Giày Thể Thao Cổ Thấp Nike Nữ', 2295579, 1000, 2, 2),
(22, 'Đen', b'1', 'https://m.media-amazon.com/images/I/81tWOXksBiL._AC_SX500_.jpg', 'Giày Chạy Bộ Nike Revolution 6 NN Nam', 1313494, 1000, 2, 5),
(23, 'Xám', b'0', 'https://m.media-amazon.com/images/I/81LH3wPdGeL._AC_SX425_.jpg', 'Giày Chạy Bộ Nike Rosherun Wolf Nam', 1456497, 1000, 2, 5),
(24, 'Trắng', b'1', 'https://m.media-amazon.com/images/I/51hnZF9xTgL._AC_SX500_.jpg', 'Sneaker Vans Nam Chính Hãng ', 1121690, 1000, 3, 2),
(25, 'Đen', b'0', 'https://m.media-amazon.com/images/I/81nggoKw46L._AC_SX500_.jpg', 'Sneaker Vans Hi-top Trainers Nữ', 1712155, 1000, 3, 2),
(26, 'Đen', b'1', 'https://m.media-amazon.com/images/I/71zGyshUP9L._AC_SX500_.jpg', 'Sneaker Vans Nữ', 1975097, 1000, 3, 2),
(27, 'Đen', b'1', 'https://m.media-amazon.com/images/I/71jNsyUw0TL._AC_SX500_.jpg', 'Giày Chạy Bộ Vans Nam Cao Cấp', 1845204, 1000, 3, 5),
(28, 'Xám', b'1', 'https://m.media-amazon.com/images/I/71T-m2J8BjS._AC_SX500_.jpg', 'Sneaker Adidas Nam C76129 Seeley', 1132373, 1000, 10, 2),
(29, 'Xám', b'1', 'https://m.media-amazon.com/images/I/81zc8i+8qfL._AC_SX500_.jpg', 'Giày chạy bộ Cloudfoam-Pure Adidas Nữ', 1435743, 1000, 10, 5),
(30, 'Xám', b'0', 'https://m.media-amazon.com/images/I/81FFaXmctTL._AC_SX500_.jpg', 'Sneaker Adidas Swift Run 22 Nữ', 1184572, 1000, 10, 2),
(31, 'Hồng', b'1', 'https://static.nike.com/a/images/t_PDP_1728_v1/f_auto,q_auto:eco/33eb9f15-0a30-4244-bf41-77861d94a45f/air-force-1-07-pro-tech-shoes-KHLmTh.png', 'Sneaker Nike Nữ', 1601602, 1000, 2, 2),
(32, 'Trắng', b'1', 'https://m.media-amazon.com/images/I/61TM6Q9dvxL._AC_SX500_.jpg', 'Sneaker Roma Basic PUMA Nam', 2295579, 1000, 11, 2),
(33, 'Trắng', b'0', 'https://m.media-amazon.com/images/I/71yCRzZbVhL._AC_SX500_.jpg', 'Sneaker PUMA Tazon 6 Nam', 2745374, 1000, 11, 2),
(34, 'Trắng', b'1', 'https://m.media-amazon.com/images/I/51xStoixikL._AC_SY500_.jpg', 'Sneaker PUMA Carina L Nữ', 2563754, 1000, 11, 2),
(35, 'Đen', b'0', 'https://m.media-amazon.com/images/I/71wy7mhXhtS._AC_SX500_.jpg', 'Sneaker PUMA Cell Surin 2 Nam', 2563676, 1000, 11, 2),
(36, 'Hồng', b'1', 'https://m.media-amazon.com/images/I/71iEi-2-lQL._AC_SX500_.jpg', 'Sneaker PUMA Caven 2.0 Nam', 3184374, 1000, 11, 2),
(37, 'Đen', b'0', 'https://cdn.vuahanghieu.com/unsafe/0x900/left/top/smart/filters:quality(90)/https://admin.vuahanghieu.com/upload/product/2023/02/giay-bet-michael-kors-fulton-stud-signature-flats-black-mau-den-63f3386807820-20022023160752.jpg', 'Giày Bệt Michael Kors MK Fulton Stud Signature Flats Black', 32432535, 1000, 1, 1),
(38, 'Nâu', b'1', 'https://cdn.vuahanghieu.com/unsafe/0x900/left/top/smart/filters:quality(90)/https://admin.vuahanghieu.com/upload/product/2023/01/giay-adidas-yzy-foam-runner-ochre-gw3354-mau-nau-63be276f08d0b-11012023100519.jpg', 'Giày Adidas YZY Foam Runner Ochre GW3354', 1000000, 1000, 10, 1),
(39, 'Trắng', b'0', 'https://cdn.vuahanghieu.com/unsafe/0x900/left/top/smart/filters:quality(90)/https://admin.vuahanghieu.com/upload/product/2023/02/giay-bet-michael-kors-fulton-stud-signature-flats-vanilla-mau-trang-xam-63f3371c4a2a9-20022023160220.jpg', 'Giày Bệt Michael Kors MK Fulton Stud Signature Flats Vanilla', 1000000, 1000, 1, 1),
(40, 'Bạc', b'0', 'https://cdn.vuahanghieu.com/unsafe/0x900/left/top/smart/filters:quality(90)/https://admin.vuahanghieu.com/upload/product/2023/01/giay-bet-manolo-blahnik-hangisiflat-glitter-mau-bac-63d8b5c33e155-31012023133131.jpg', 'Giày Bệt Manolo Blahnik Hangisiflat Glitter', 1000000, 1000, 1, 1),
(41, 'Xanh dương', b'1', 'https://static.nike.com/a/images/t_PDP_1728_v1/f_auto,q_auto:eco,u_126ab356-44d8-4a06-89b4-fcdcc8df0245,c_scale,fl_relative,w_1.0,h_1.0,fl_layer_apply/ea733182-eea9-4eee-abf4-9f5925f90eaf/air-jordan-1-mid-older-shoes-wqHdzW.png', 'Air Jordan 1 Mid', 1000000, 1000, 2, 2),
(42, 'Trắng', b'0', 'https://static.nike.com/a/images/t_PDP_1728_v1/f_auto,q_auto:eco/99e98fd5-5374-4ed6-ae6b-059be1910cac/air-force-1-lover-xx-shoes-V34F82.png', 'Nike Air Force 1 Lover XX', 1000000, 1000, 2, 1),
(43, 'Trắng', b'1', 'https://static.nike.com/a/images/t_PDP_1728_v1/f_auto,q_auto:eco,u_126ab356-44d8-4a06-89b4-fcdcc8df0245,c_scale,fl_relative,w_1.0,h_1.0,fl_layer_apply/md4bydy9oxkwehljhgka/jordan-courtside-23-shoe-VvkvMK.png', 'Jordan Courtside 23', 1000000, 1000, 2, 2),
(44, 'Trắng', b'1', 'https://assets.adidas.com/images/h_840,f_auto,q_auto,fl_lossy,c_fill,g_auto/765504fa6ec249e8bc76690a6c02a187_9366/Samba_Shoes_White_ID0440_01_standard.jpg', 'SAMBA SHOES', 1000000, 1000, 10, 5),
(45, 'Trắng xanh', b'0', 'https://assets.adidas.com/images/h_840,f_auto,q_auto,fl_lossy,c_fill,g_auto/63b593c2530d49798a3eab8f48b0852e_9366/X_PLRPHASE_C_trang_ID8035_01_standard.jpg', 'X_PLRPHASE C', 900000, 1000, 10, 5),
(46, 'Hồng', b'1', 'https://assets.adidas.com/images/h_840,f_auto,q_auto,fl_lossy,c_fill,g_auto/00f2e89fe4104bcbb27377ec8d8cd7f0_9366/Handball_Spezial_Shoes_Black_IE5897_01_standard.jpg', 'Chuck Taylor All Star Lift Platform Faux Mohair', 890000, 1000, 1, 2),
(47, 'Đỏ', b'1', 'https://assets.adidas.com/images/h_840,f_auto,q_auto,fl_lossy,c_fill,g_auto/91fa955f44f54f3bb9f3634bca6ecb5f_9366/Gazelle_Shoes_Red_IE8503_01_standard.jpg', 'GAZELLE SHOES', 250000, 1000, 10, 2),
(48, 'Xám', b'1', 'https://assets.adidas.com/images/h_840,f_auto,q_auto,fl_lossy,c_fill,g_auto/ba4b059ec42b407cb21eaf7b00924da6_9366/Campus_00s_Shoes_White_GY0042_01_standard.jpg', 'CAMPUS 00S SHOES', 1500000, 1000, 10, 2),
(49, 'Tím', b'1', 'https://i.pinimg.com/originals/6c/c9/7f/6cc97f79e3c139bc3bdc92106d53761a.jpg', 'LAMELO BALL MB.03', 4000000, 1000, 11, 2),
(50, 'Tím', b'1', 'https://static.nike.com/a/images/t_PDP_1728_v1/f_auto,q_auto:eco/9877be4b-7e6e-457f-9a91-0bc8125d3ffe/vomero-5-shoes-qZG4RJ.png', 'Nike Vomero 5', 2400000, 1000, 2, 2);
